theta,avg_loss,worst_loss
0.0,0.030165115476628212,0.054113331517505935
0.5,0.03025689075275434,0.054486429509271156
1.0,0.03040266907804746,0.05492758452277171
2.0,0.03077277300172134,0.05588804573894297
5.0,0.031943622537802155,0.0585847436558149
