theta,avg_loss,worst_loss
0.0,59801.25548825827,107277.73165352088
0.5,59890.40279482406,107860.67534326398
1.0,60087.752023548324,108574.98939439282
2.0,60648.14826208411,110166.54922568944
5.0,62551.814954534086,114730.97589032404
